{
  "best_params": {
    "kernel": "linear",
    "C": 0.5,
    "gamma": "scale"
  },
  "best_threshold": 0.65,
  "best_cv_f1": 0.9552149364122334,
  "train_accuracy": 0.9859259259259259,
  "test_accuracy": 0.9111111111111111,
  "macro_f1": 0.7285225718194255,
  "roc_auc": 0.9015799868334431,
  "avg_precision": 0.9890308894550917,
  "cv_f1_mean": 0.9745521310322136,
  "cv_f1_std": 0.0028843876907835167,
  "classification_report": {
    "Negative": {
      "precision": 0.46236559139784944,
      "recall": 0.5584415584415584,
      "f1-score": 0.5058823529411764,
      "support": 77.0
    },
    "Positive": {
      "precision": 0.960093896713615,
      "recall": 0.9423963133640553,
      "f1-score": 0.9511627906976744,
      "support": 868.0
    },
    "accuracy": 0.9111111111111111,
    "macro avg": {
      "precision": 0.7112297440557322,
      "recall": 0.7504189359028068,
      "f1-score": 0.7285225718194255,
      "support": 945.0
    },
    "weighted avg": {
      "precision": 0.9195382570212194,
      "recall": 0.9111111111111111,
      "f1-score": 0.9148806809545523,
      "support": 945.0
    }
  },
  "confusion_matrix": [
    [
      43,
      34
    ],
    [
      50,
      818
    ]
  ],
  "roc_fpr": [
    0.0,
    0.0,
    0.0,
    0.0,
    0.0,
    0.0,
    0.0,
    0.0,
    0.0,
    0.0,
    0.0,
    0.0,
    0.0,
    0.0,
    0.0,
    0.0,
    0.0,
    0.0,
    0.0,
    0.0,
    0.0,
    0.0,
    0.0,
    0.0,
    0.0,
    0.0,
    0.0,
    0.0,
    0.0,
    0.0,
    0.0,
    0.0,
    0.0,
    0.0,
    0.0,
    0.0,
    0.0,
    0.012987012987012988,
    0.012987012987012988,
    0.012987012987012988,
    0.012987012987012988,
    0.012987012987012988,
    0.012987012987012988,
    0.012987012987012988,
    0.012987012987012988,
    0.012987012987012988,
    0.012987012987012988,
    0.012987012987012988,
    0.012987012987012988,
    0.012987012987012988,
    0.012987012987012988,
    0.012987012987012988,
    0.012987012987012988,
    0.012987012987012988,
    0.012987012987012988,
    0.012987012987012988,
    0.012987012987012988,
    0.012987012987012988,
    0.012987012987012988,
    0.012987012987012988,
    0.012987012987012988,
    0.025974025974025976,
    0.025974025974025976,
    0.03896103896103896,
    0.03896103896103896,
    0.03896103896103896,
    0.03896103896103896,
    0.03896103896103896,
    0.03896103896103896,
    0.03896103896103896,
    0.03896103896103896,
    0.03896103896103896,
    0.03896103896103896,
    0.05194805194805195,
    0.05194805194805195,
    0.05194805194805195,
    0.05194805194805195,
    0.05194805194805195,
    0.05194805194805195,
    0.05194805194805195,
    0.05194805194805195,
    0.05194805194805195,
    0.05194805194805195,
    0.05194805194805195,
    0.05194805194805195,
    0.05194805194805195,
    0.05194805194805195,
    0.06493506493506493,
    0.06493506493506493,
    0.06493506493506493,
    0.06493506493506493,
    0.06493506493506493,
    0.06493506493506493,
    0.06493506493506493,
    0.06493506493506493,
    0.06493506493506493,
    0.06493506493506493,
    0.06493506493506493,
    0.06493506493506493,
    0.06493506493506493,
    0.06493506493506493,
    0.06493506493506493,
    0.06493506493506493,
    0.06493506493506493,
    0.06493506493506493,
    0.06493506493506493,
    0.06493506493506493,
    0.06493506493506493,
    0.06493506493506493,
    0.06493506493506493,
    0.06493506493506493,
    0.06493506493506493,
    0.06493506493506493,
    0.06493506493506493,
    0.06493506493506493,
    0.06493506493506493,
    0.06493506493506493,
    0.09090909090909091,
    0.09090909090909091,
    0.1038961038961039,
    0.1038961038961039,
    0.11688311688311688,
    0.11688311688311688,
    0.11688311688311688,
    0.11688311688311688,
    0.12987012987012986,
    0.12987012987012986,
    0.12987012987012986,
    0.12987012987012986,
    0.12987012987012986,
    0.12987012987012986,
    0.12987012987012986,
    0.12987012987012986,
    0.14285714285714285,
    0.14285714285714285,
    0.14285714285714285,
    0.14285714285714285,
    0.14285714285714285,
    0.14285714285714285,
    0.14285714285714285,
    0.14285714285714285,
    0.15584415584415584,
    0.15584415584415584,
    0.15584415584415584,
    0.15584415584415584,
    0.16883116883116883,
    0.16883116883116883,
    0.19480519480519481,
    0.19480519480519481,
    0.2077922077922078,
    0.2077922077922078,
    0.2077922077922078,
    0.22077922077922077,
    0.22077922077922077,
    0.23376623376623376,
    0.23376623376623376,
    0.2597402597402597,
    0.2597402597402597,
    0.2727272727272727,
    0.2727272727272727,
    0.2727272727272727,
    0.2727272727272727,
    0.2857142857142857,
    0.2857142857142857,
    0.2987012987012987,
    0.2987012987012987,
    0.3116883116883117,
    0.3116883116883117,
    0.35064935064935066,
    0.35064935064935066,
    0.36363636363636365,
    0.36363636363636365,
    0.36363636363636365,
    0.38961038961038963,
    0.38961038961038963,
    0.4155844155844156,
    0.4155844155844156,
    0.4155844155844156,
    0.4155844155844156,
    0.44155844155844154,
    0.44155844155844154,
    0.44155844155844154,
    0.44155844155844154,
    0.45454545454545453,
    0.45454545454545453,
    0.4935064935064935,
    0.5194805194805194,
    0.5194805194805194,
    0.5324675324675324,
    0.5324675324675324,
    0.6363636363636364,
    0.6363636363636364,
    0.6493506493506493,
    0.6493506493506493,
    0.6623376623376623,
    0.6623376623376623,
    0.7012987012987013,
    0.7012987012987013,
    0.7142857142857143,
    0.7142857142857143,
    0.7402597402597403,
    0.7402597402597403,
    0.8311688311688312,
    0.8311688311688312,
    0.8571428571428571,
    0.8571428571428571,
    0.922077922077922,
    0.922077922077922,
    1.0,
    1.0
  ],